Rank,City,State,Census2010,Estimate2010,Estimate2011,Estimate2012,Estimate2013,Estimate2014,Estimate2015,Estimate2016,Wikipedia_URL,Picture_URL
1,New York,New York,8175133,8192026,8284098,8361179,8422460,8471990,8516502,8537673,http://en.wikipedia.org/wiki/New_York_City,http://upload.wikimedia.org/wikipedia/commons/thumb/3/39/Seal_of_New_York_City.svg/200px-Seal_of_New_York_City.svg.png
2,Los Angeles,California,3792621,3796292,3825393,3858137,3890436,3920173,3949149,3976322,"http://en.wikipedia.org/wiki/Los_Angeles,_California",https://upload.wikimedia.org/wikipedia/commons/thumb/f/f3/Seal_of_Los_Angeles.svg/1024px-Seal_of_Los_Angeles.svg.png
3,Chicago,Illinois,2695598,2697736,2705404,2714120,2718887,2718530,2713596,2704958,"http://en.wikipedia.org/wiki/Chicago,_Illinois",https://upload.wikimedia.org/wikipedia/commons/thumb/f/fa/Seal_of_Chicago%2C_Illinois.svg/1024px-Seal_of_Chicago%2C_Illinois.svg.png
4,Houston,Texas,2099451,2105625,2132157,2166458,2204406,2243999,2284816,2303482,"http://en.wikipedia.org/wiki/Houston,_Texas",https://upload.wikimedia.org/wikipedia/commons/thumb/7/7b/Seal_of_Houston%2C_Texas.svg/1024px-Seal_of_Houston%2C_Texas.svg.png
5,Phoenix,Arizona,1445632,1450629,1469353,1499007,1525562,1554179,1582904,1615017,"http://en.wikipedia.org/wiki/Phoenix,_Arizona",http://upload.wikimedia.org/wikipedia/en/thumb/b/b1/Phoenix-logo.svg/200px-Phoenix-logo.svg.png
6,Philadelphia,Pennsylvania,1526006,1528427,1539022,1550379,1555868,1560609,1564964,1567872,"http://en.wikipedia.org/wiki/Philadelphia,_Pennsylvania",http://upload.wikimedia.org/wikipedia/commons/thumb/d/dd/Seal_of_Philadelphia%2C_Pennsylvania.svg/200px-Seal_of_Philadelphia%2C_Pennsylvania.svg.png
7,San Antonio,Texas,1327407,1333952,1359002,1385250,1411652,1439150,1468037,1492510,"http://en.wikipedia.org/wiki/San_Antonio,_Texas",https://upload.wikimedia.org/wikipedia/commons/e/ef/Seal_of_San_Antonio%2C_Texas.png
8,San Diego,California,1307402,1306153,1320686,1338983,1358242,1379299,1390915,1406630,"http://en.wikipedia.org/wiki/San_Diego,_California",https://upload.wikimedia.org/wikipedia/commons/thumb/c/cf/Seal_of_San_Diego%2C_California.svg/1024px-Seal_of_San_Diego%2C_California.svg.png
9,Dallas,Texas,1197816,1200711,1218664,1241624,1258016,1277376,1297327,1317929,"http://en.wikipedia.org/wiki/Dallas,_Texas",http://upload.wikimedia.org/wikipedia/commons/thumb/8/8d/Seal_of_Dallas.svg/200px-Seal_of_Dallas.svg.png
10,San Jose,California,945942,955290,970823,984151,1001580,1013237,1022627,1025350,"http://en.wikipedia.org/wiki/San_Jose,_California",http://upload.wikimedia.org/wikipedia/commons/2/25/Seal_of_San_Jose%2C_California.png
11,Austin,Texas,790390,815587,838599,864483,885343,911390,930152,947890,"http://en.wikipedia.org/wiki/Austin,_Texas",https://upload.wikimedia.org/wikipedia/en/thumb/a/a0/Seal_of_Austin%2C_TX.svg/1024px-Seal_of_Austin%2C_TX.svg.png
12,Jacksonville,Florida,821784,823318,829719,837705,843569,854034,867164,880619,"http://en.wikipedia.org/wiki/Jacksonville,_Florida",http://upload.wikimedia.org/wikipedia/commons/9/90/Seal_of_Jacksonville%2C_Florida.png
13,San Francisco,California,805235,805766,815672,828816,839280,850424,862004,870887,"http://en.wikipedia.org/wiki/San_Francisco,_California",https://upload.wikimedia.org/wikipedia/commons/thumb/9/91/Seal_of_San_Francisco.svg/1024px-Seal_of_San_Francisco.svg.png
14,Columbus,Ohio,787033,790864,799917,811640,824904,838200,850044,860090,"http://en.wikipedia.org/wiki/Columbus,_Ohio",https://upload.wikimedia.org/wikipedia/commons/thumb/5/5b/Seal_of_Columbus%2C_Ohio.svg/1024px-Seal_of_Columbus%2C_Ohio.svg.png
15,Indianapolis,Indiana,820445,821659,827373,834582,843544,848762,852295,855164,"http://en.wikipedia.org/wiki/Indianapolis,_Indiana",https://upload.wikimedia.org/wikipedia/en/8/89/Indianapolis_Seal.png
16,Fort Worth,Texas,741206,748719,764314,781074,795974,814307,834171,854113,"http://en.wikipedia.org/wiki/Fort_Worth,_Texas",https://fortworthtexas.gov/uploadedImages/City_Secretary/CITY%20SEAL.jpg
17,Charlotte,North Carolina,731424,738561,756008,774553,792906,808362,826395,842051,"http://en.wikipedia.org/wiki/Charlotte,_North_Carolina",https://upload.wikimedia.org/wikipedia/commons/thumb/d/d0/Seal_of_Charlotte%2C_North_Carolina.png/1024px-Seal_of_Charlotte%2C_North_Carolina.png
18,Seattle,Washington,608660,610403,622323,635306,653095,667963,683505,704352,"http://en.wikipedia.org/wiki/Seattle,_Washington",https://upload.wikimedia.org/wikipedia/en/0/04/City_of_Seattle%E2%80%94Seal.png
19,Denver,Colorado,600158,603329,619281,633563,647433,662425,680032,693060,"http://en.wikipedia.org/wiki/Denver,_Colorado",http://upload.wikimedia.org/wikipedia/commons/d/db/DenverCOseal.gif
20,El Paso,Texas,649121,650604,664196,674485,675608,678494,678570,683080,"http://en.wikipedia.org/wiki/El_Paso,_Texas",http://upload.wikimedia.org/wikipedia/en/thumb/8/8b/Seal_of_El_Paso%2C_Texas.svg/200px-Seal_of_El_Paso%2C_Texas.svg.png
21,Washington,District of Columbia,601723,605183,620477,635327,649165,659005,670377,681170,"http://en.wikipedia.org/wiki/Washington,_District_of_Columbia",http://upload.wikimedia.org/wikipedia/commons/4/42/Seal-DC.png
22,Boston,Massachusetts,617594,620701,630195,641911,651090,659180,665984,673184,"http://en.wikipedia.org/wiki/Boston,_Massachusetts",https://upload.wikimedia.org/wikipedia/commons/thumb/0/0d/Seal_of_Boston%2C_Massachusetts.svg/1024px-Seal_of_Boston%2C_Massachusetts.svg.png
23,Detroit,Michigan,713777,711088,704135,698558,689596,679903,676336,672795,"http://en.wikipedia.org/wiki/Detroit,_Michigan",https://upload.wikimedia.org/wikipedia/commons/thumb/1/19/Seal_of_Detroit.svg/240px-Seal_of_Detroit.svg.png
24,Nashville,Tennessee,601222,604893,612104,625205,634839,644371,654078,660388,"http://en.wikipedia.org/wiki/Nashville,_Tennessee",https://upload.wikimedia.org/wikipedia/commons/thumb/3/3d/Seal_of_Nashville%2C_Tennessee.png/1024px-Seal_of_Nashville%2C_Tennessee.png
25,Memphis,Tennessee,646889,652456,655440,659017,657625,655641,654454,652717,"http://en.wikipedia.org/wiki/Memphis,_Tennessee",http://upload.wikimedia.org/wikipedia/en/thumb/0/0e/Memphis_TE_Seal-.svg/200px-Memphis_TE_Seal-.svg.png
26,Portland,Oregon,583776,585478,594081,603124,609132,619334,630621,639863,"http://en.wikipedia.org/wiki/Portland,_Oregon",https://upload.wikimedia.org/wikipedia/commons/thumb/7/7f/Seal_of_Portland%2C_Oregon.svg/1024px-Seal_of_Portland%2C_Oregon.svg.png
27,Oklahoma,Oklahoma,579999,582110,589761,599825,611019,620656,630618,638367,"http://en.wikipedia.org/wiki/Oklahoma_City,_Oklahoma",https://upload.wikimedia.org/wikipedia/commons/9/93/Seal_of_Oklahoma_City%2C_Oklahoma.png
28,Las Vegas,Nevada,583756,584862,588263,595848,602749,612531,622448,632912,http://en.wikipedia.org/wiki/Las_Vegas,https://upload.wikimedia.org/wikipedia/commons/thumb/e/e1/Seal_of_Las_Vegas%2C_Nevada.svg/1024px-Seal_of_Las_Vegas%2C_Nevada.svg.png
29,Louisville,Kentucky,597337,597269,600425,604609,609863,612367,614748,616261,"http://en.wikipedia.org/wiki/Louisville,_Kentucky",https://upload.wikimedia.org/wikipedia/en/d/db/200px-Louisville_Kentucky_seal.png
30,Baltimore,Maryland,620961,621195,620815,622722,622858,623353,621402,614664,"http://en.wikipedia.org/wiki/Baltimore,_Maryland",https://upload.wikimedia.org/wikipedia/commons/1/16/Seal_of_Baltimore%2C_Maryland.png
31,Milwaukee,Wisconsin,594833,595188,597504,599025,599756,600178,599413,595047,"http://en.wikipedia.org/wiki/Milwaukee,_Wisconsin",https://upload.wikimedia.org/wikipedia/commons/0/03/Seal_of_Milwaukee%2C_Wisconsin.png
32,Albuquerque,New Mexico,545852,546865,551338,554449,556239,556971,557448,559277,"http://en.wikipedia.org/wiki/Albuquerque,_New_Mexico",https://upload.wikimedia.org/wikipedia/en/3/3b/Albuquerque_New_Mexico_logo.png
33,Tucson,Arizona,520116,521109,523944,525055,526143,527635,528441,530706,"http://en.wikipedia.org/wiki/Tucson,_Arizona",http://upload.wikimedia.org/wikipedia/commons/thumb/8/89/TucsonDerivative.png/132px-TucsonDerivative.png
34,Fresno,California,494665,496879,500897,505261,508971,514376,518503,522053,"http://en.wikipedia.org/wiki/Fresno,_California",https://upload.wikimedia.org/wikipedia/commons/e/e9/Seal_of_Fresno%2C_California.png
35,Sacramento,California,466488,467597,471425,475113,479201,483920,489202,495234,"http://en.wikipedia.org/wiki/Sacramento,_California",https://upload.wikimedia.org/wikipedia/commons/c/cd/Seal_of_Sacramento%2C_California.png
36,Mesa,Arizona,439041,440961,446666,455716,462982,470551,478243,484587,"http://en.wikipedia.org/wiki/Mesa,_Arizona",https://upload.wikimedia.org/wikipedia/commons/thumb/4/40/Flag_of_Mesa%2C_Arizona.svg/1920px-Flag_of_Mesa%2C_Arizona.svg.png
37,Kansas,Missouri,459787,460802,462108,464534,467118,470651,474862,481420,"http://en.wikipedia.org/wiki/Kansas_City,_Missouri",http://upload.wikimedia.org/wikipedia/en/4/4d/Kcmoseal.gif
38,Atlanta,Georgia,420003,422919,431911,443189,447888,455389,462970,472522,"http://en.wikipedia.org/wiki/Atlanta,_Georgia",http://upload.wikimedia.org/wikipedia/commons/thumb/8/80/Seal_of_Atlanta.png/240px-Seal_of_Atlanta.png
39,Long Beach,California,462257,462608,465154,467808,469148,470431,471439,470130,"http://en.wikipedia.org/wiki/Long_Beach,_California",https://upload.wikimedia.org/wikipedia/commons/b/b0/Seal_of_Long_Beach%2C_California.png
40,Colorado Springs,Colorado,416427,420632,427963,434513,440971,447939,455535,465101,"http://en.wikipedia.org/wiki/Colorado_Springs,_Colorado",http://upload.wikimedia.org/wikipedia/commons/thumb/6/65/Flag_of_Colorado_Springs%2C_Colorado.svg/200px-Flag_of_Colorado_Springs%2C_Colorado.svg.png
41,Raleigh,North Carolina,403892,406416,414288,423546,431478,440026,449947,458880,"http://en.wikipedia.org/wiki/Raleigh,_North_Carolina",https://upload.wikimedia.org/wikipedia/commons/thumb/4/44/Seal_of_Raleigh%2C_North_Carolina.svg/1024px-Seal_of_Raleigh%2C_North_Carolina.svg.png
42,Miami,Florida,399457,400949,411427,416518,421191,431064,440864,453579,"http://en.wikipedia.org/wiki/Miami,_Florida",http://upload.wikimedia.org/wikipedia/commons/thumb/0/0c/Seal_of_Miami%2C_Florida.svg/200px-Seal_of_Miami%2C_Florida.svg.png
43,Virginia Beach,Virginia,437994,438985,442886,445487,448604,450116,451854,452602,"http://en.wikipedia.org/wiki/Virginia_Beach,_Virginia",http://upload.wikimedia.org/wikipedia/commons/thumb/d/d2/Seal_of_Virginia_Beach%2C_Virginia.png/240px-Seal_of_Virginia_Beach%2C_Virginia.png
44,Omaha,Nebraska,408958,432735,435329,438517,441383,443289,445273,446970,"http://en.wikipedia.org/wiki/Omaha,_Nebraska",http://upload.wikimedia.org/wikipedia/en/c/c6/City_of_Omaha_NE_Seal.jpg
45,Oakland,California,390724,391724,396515,401704,407205,413313,417870,420005,"http://en.wikipedia.org/wiki/Oakland,_California",https://upload.wikimedia.org/wikipedia/commons/9/93/Seal_of_Oklahoma_City%2C_Oklahoma.png
46,Minneapolis,Minnesota,382578,383134,388073,392821,400137,406619,410116,413651,"http://en.wikipedia.org/wiki/Minneapolis,_Minnesota",http://upload.wikimedia.org/wikipedia/commons/8/86/Minneapolis_seal.gif
47,Tulsa,Oklahoma,391906,392492,392797,394598,398486,399963,403105,403090,"http://en.wikipedia.org/wiki/Tulsa,_Oklahoma",https://upload.wikimedia.org/wikipedia/commons/thumb/a/ae/Seal_of_Tulsa%2C_Oklahoma.svg/800px-Seal_of_Tulsa%2C_Oklahoma.svg.png
48,Arlington city,Texas,365438,366248,370729,376082,379354,382960,388534,392772,"http://en.wikipedia.org/wiki/Arlington,_Texas",https://upload.wikimedia.org/wikipedia/en/d/d1/Arlingtontx.png
49,Cleveland,Ohio,396815,347903,360840,370138,378886,384355,389738,391495,"http://en.wikipedia.org/wiki/Cleveland,_Ohio",https://upload.wikimedia.org/wikipedia/commons/c/c7/Seal_of_Cleveland%2C_Ohio.png
50,Wichita,Kansas,382368,382886,383723,385710,387105,388348,389060,389902,"http://en.wikipedia.org/wiki/Wichita,_Kansas",http://upload.wikimedia.org/wikipedia/en/8/81/Wichita_Kansas_seal.png
